Sample,PF_BASES,PF_ALIGNED_BASES,RIBOSOMAL_BASES,CODING_BASES,UTR_BASES,INTRONIC_BASES,INTERGENIC_BASES,IGNORED_READS,CORRECT_STRAND_READS,INCORRECT_STRAND_READS,PCT_RIBOSOMAL_BASES,PCT_CODING_BASES,PCT_UTR_BASES,PCT_INTRONIC_BASES,PCT_INTERGENIC_BASES,PCT_MRNA_BASES,PCT_USABLE_BASES,PCT_CORRECT_STRAND_READS,MEDIAN_CV_COVERAGE,MEDIAN_5PRIME_BIAS,MEDIAN_3PRIME_BIAS,MEDIAN_5PRIME_TO_3PRIME_BIAS,SAMPLE,LIBRARY,READ_GROUP,PF_NOT_ALIGNED_BASES
ENCSR000CPH_1,17265491216,15510521073,4864,8127852107,4837582131,2020751540,524330624,0,28643082,912898,0,52.4022,31.189,13.0283,3.3805,83.5912,75.0945,96.9113,0.714941,0.537846,0.504489,0.831269,,,,1754970143
ENCSR000CPH_2,18096103880,16184716043,6992,8467093057,4898344600,2292994351,526277282,0,29058266,766329,0,52.3154,30.2652,14.1677,3.2517,82.5806,73.8581,97.4305,0.743542,0.569856,0.487639,0.922314,,,,1911387837
ENCSR011GAO_1,6483908312,5430088523,36764,2399228506,1057249862,1125684784,847890618,0,1958215,1999129,0.0007,44.184,19.4702,20.7305,15.6147,63.6542,53.3086,49.4831,0.670854,0.627041,0.376066,1.097977,,,,1053819789
ENCSR011GAO_2,8412248994,7382671817,10504,4147527089,1915826497,735093338,584215426,0,3440268,3534489,1.00E-04,56.1792,25.9503,9.957,7.9133,82.1295,72.0777,49.3246,0.667574,0.713529,0.37322,1.230904,,,,1029577177
ENCSR016WFQ_1,9176958576,7829913945,13534,4301423372,2099652167,889535438,539290618,0,3819120,3897790,0.0002,54.9358,26.8158,11.3607,6.8876,81.7515,69.7516,49.4903,0.651029,0.593434,0.382882,1.061741,,,,1347044631
ENCSR016WFQ_2,6783568040,5729730945,23028,2714280114,1548688222,896707230,570033581,0,2715388,2759029,0.0004,47.3719,27.029,15.6501,9.9487,74.4008,62.8426,49.6014,0.638396,0.535607,0.426366,0.863833,,,,1053837095
ENCSR024HAR_1,8526263248,6010459605,47470,3879641609,1546045823,357606357,227121477,0,2955582,2982737,0.0008,64.5482,25.7226,5.9497,3.7788,90.2708,63.635,49.7714,0.642694,0.55119,0.341277,1.080508,,,,2515803643
ENCSR024HAR_2,5720935526,4145171946,24442,2528318171,1009923375,355841278,251066245,0,1893503,1913465,0.0006,60.9943,24.3638,8.5845,6.0568,85.3581,61.8473,49.7378,0.642862,0.550332,0.366242,0.990273,,,,1575763580
ENCSR028FBD_1,8830482924,5390520308,161600,3417094321,1437343915,324242649,211685709,0,2693198,2719654,0.003,63.3908,26.6643,6.0151,3.927,90.0551,54.9736,49.7556,0.677448,0.588899,0.351366,1.200279,,,,3439962616
ENCSR028FBD_2,7858974428,4838821008,210686,2995814409,1294214965,321786657,226806044,0,2387898,2434590,0.0044,61.9121,26.7465,6.6501,4.6872,88.6586,54.5876,49.5159,0.685228,0.588853,0.360083,1.143518,,,,3020153420
ENCSR039VEQ_1,6093867926,5116770376,17170,2873718048,1330298889,558127764,354609805,0,2459010,2517198,0.0003,56.1627,25.9988,10.9078,6.9303,82.1615,68.9877,49.4153,0.650876,0.566371,0.385836,0.922673,,,,977097550
ENCSR039VEQ_3,8320784606,5683564559,58984,3559130095,1279939440,507857762,336581828,0,2654438,2633922,0.001,62.6214,22.52,8.9356,5.922,85.1415,58.1564,50.194,0.664865,0.569153,0.360933,1.146059,,,,2637220047
ENCSR039VEQ_4,8177923944,5364306941,64236,3290341873,1276794119,469674389,327436597,0,2551339,2550429,0.0012,61.3377,23.8017,8.7555,6.104,85.1393,55.8471,50.0089,0.634945,0.537928,0.399175,0.950583,,,,2813617003
ENCSR043UMW_3,8117139720,5824562093,50096,3136758383,1235971291,828412171,623373344,0,2385581,2380681,0.0009,53.854,21.22,14.2227,10.7025,75.074,53.8703,50.0514,0.659265,0.576404,0.346041,1.083111,,,,2292577627
ENCSR043UMW_4,9709858008,6714081642,85244,3485974550,1369169985,1060198505,798657831,0,2692281,2691349,0.0013,51.9203,20.3925,15.7907,11.8953,72.3129,50.0022,50.0087,0.662295,0.587634,0.356151,1.108024,,,,2995776366
ENCSR046FQX_1,8245528496,5626468159,59388,3356649131,1456839796,458229376,354693976,0,2562743,2572573,0.0011,59.6582,25.8926,8.1442,6.304,85.5508,58.377,49.9043,0.671605,0.813534,0.344459,1.469466,,,,2619060337
ENCSR046FQX_2,8169067658,5573695709,282194,3252853347,1468812910,501631384,350143416,0,2506458,2554801,0.0051,58.3608,26.3526,9,6.2821,84.7134,57.7993,49.5224,0.665221,0.757222,0.385779,1.329225,,,,2595371949
ENCSR052BWT_1,9443179412,8125983351,12684,3654389252,1583435992,1650280079,1237867184,0,1910725,1928511,0.0002,44.9717,19.4861,20.3087,15.2334,64.4577,55.4668,49.7684,0.676506,0.43057,0.296161,0.799744,,,,1317196061
ENCSR052ZPX_3,7795612280,5955614286,47874,3846428067,1430743314,416613347,261783831,0,2698314,2687759,0.0008,64.5849,24.0234,6.9953,4.3956,88.6083,67.6941,50.098,0.671042,0.568732,0.332972,1.134324,,,,1839997994
ENCSR052ZPX_4,7523020350,5391975745,43834,3440912863,1310074136,397445454,243502307,0,2555603,2550006,0.0008,63.8154,24.2967,7.3711,4.516,88.1122,63.1527,50.0548,0.667839,0.555429,0.34201,1.113838,,,,2131044605
ENCSR069OUL_1,7678745180,6556115626,39996,3379689024,1422137287,952598163,801653428,0,2539762,2639667,0.0006,51.5502,21.6918,14.5299,12.2276,73.2419,62.534,49.0356,0.670087,0.602931,0.367836,1.055357,,,,1122629554
ENCSR069OUL_2,8805448660,7831028469,16766,4146569866,1808917970,1059559213,815965328,0,3362062,3428265,0.0002,52.9505,23.0994,13.5303,10.4196,76.0499,67.6341,49.5125,0.652535,0.64669,0.391964,1.056489,,,,974420191
ENCSR073QLQ_1,9561379322,4210864471,122008,2557767569,1195297699,274926695,182758268,0,2085280,2076265,0.0029,60.7421,28.386,6.529,4.3402,89.1281,39.2523,50.1083,0.669923,0.770003,0.390721,1.359084,,,,5350514851
ENCSR073QLQ_2,8729294054,5554385258,438946,3218683295,1409269249,514588560,411441603,0,2443623,2518153,0.0079,57.9485,25.3722,9.2645,7.4075,83.3207,53.0163,49.249,0.672436,0.733416,0.371164,1.3163,,,,3174908796
ENCSR074FBG_1,9083673764,5166999361,474094,2772570759,1437851545,508315958,447816574,0,2475910,2620511,0.0092,53.6592,27.8276,9.8377,8.6669,81.4868,46.3515,48.5813,0.623322,0.601522,0.413424,1.001846,,,,3916674403
ENCSR074FBG_2,9049432138,5289799108,1982428,2904128889,1416535894,427810562,539429962,0,2467885,2707056,0.0375,54.9006,26.7786,8.0875,10.1976,81.6792,47.7451,47.6891,0.645843,0.643162,0.383937,1.130051,,,,3759633030
ENCSR084NTT_1,10720880532,9318545145,17170,5780513575,2386574616,768600324,382840743,0,4321931,4350716,0.0002,62.0324,25.611,8.2481,4.1084,87.6434,76.1793,49.834,0.664878,0.635681,0.343608,1.193786,,,,1402335387
ENCSR084NTT_2,8738083276,7574444531,5050,4466666453,2073712845,679932744,354127843,0,3791003,3836149,1.00E-04,58.9702,27.3778,8.9767,4.6753,86.348,74.8491,49.704,0.655798,0.598833,0.392224,1.01342,,,,1163638745
ENCSR095PIC_1,5544023724,3749515499,28684,2362507169,883292950,289836409,213851962,0,1704592,1696953,0.0008,63.0083,23.5575,7.73,5.7035,86.5659,58.5459,50.1123,0.66645,0.497949,0.324884,1.055218,,,,1794508225
ENCSR095PIC_2,7831230536,5846140804,50904,3894609670,1411047431,328337506,212097096,0,2797169,2797972,0.0009,66.6185,24.1364,5.6163,3.628,90.7549,67.75,49.9928,0.667871,0.512073,0.322299,1.144518,,,,1985089732
ENCSR096VPS_3,8237918146,4922917176,95950,2522969425,1025128111,790676466,584053449,0,2082278,2077480,0.0019,51.2495,20.8236,16.0611,11.864,72.0731,43.0703,50.0577,0.672096,0.59049,0.323849,1.234751,,,,3315000970
ENCSR096VPS_4,6036932004,4290542736,35148,1778637772,772010319,1021572588,718289399,0,1523299,1523039,0.0008,41.4548,17.9933,23.8099,16.7412,59.4481,42.2507,50.0043,0.644713,0.564267,0.378916,1.01244,,,,1746389268
ENCSR103URL_1,5806368194,4927568138,7070,3150238551,1282369815,290471585,204481657,0,2304129,2348394,1.00E-04,63.9309,26.0244,5.8948,4.1497,89.9553,76.3405,49.5243,0.659381,0.603289,0.38054,1.011984,,,,878800056
ENCSR103URL_2,8573048064,7204570242,11918,4418077579,1946600323,486367495,353513750,0,3510044,3570415,0.0002,61.3233,27.019,6.7508,4.9068,88.3422,74.2405,49.5737,0.649387,0.630617,0.378647,1.068249,,,,1368477822
ENCSR104JMN_1,9445306890,6300477459,50096,3896064473,1501507090,529177964,373681411,0,2975371,2990743,0.0008,61.8376,23.8316,8.399,5.931,85.6692,57.1455,49.8712,0.660825,0.531615,0.32602,1.097271,,,,3144829431
ENCSR104JMN_2,8663007956,5195904105,62822,2935824950,1207387443,626754610,425878300,0,2373056,2381689,0.0012,56.5027,23.2373,12.0625,8.1964,79.74,47.8265,49.9092,0.656484,0.543536,0.350548,1.047612,,,,3467103851
ENCSR104QKG_3,5164713982,3214239652,138168,1749777518,838440969,336324907,289562690,0,1367473,1437602,0.0043,54.4383,26.0852,10.4636,9.0087,80.5235,50.1135,48.75,0.664298,0.63158,0.38205,1.060833,,,,1950474330
ENCSR104QKG_4,6594703090,4089084474,351278,2293596656,1038685147,394984840,361479613,0,1815274,1883679,0.0086,56.0907,25.4014,9.6595,8.8401,81.4921,50.5297,49.0753,0.673744,0.620473,0.355774,1.174247,,,,2505618616
ENCSR123IMQ_1,5764362294,3539504834,64438,2242173212,883683708,253903436,159683101,0,1684785,1703903,0.0018,63.3471,24.9663,7.1734,4.5115,88.3134,54.2273,49.7179,0.672439,0.587818,0.312045,1.193602,,,,2224857460
ENCSR123IMQ_2,6335474268,4686860397,36360,3010014492,1144866940,339368645,192575985,0,2206280,2219625,0.0008,64.2224,24.4272,7.2409,4.1088,88.6496,65.5812,49.8492,0.646911,0.546519,0.350171,1.042063,,,,1648613871
ENCSR126GEQ_1,11549409590,4886475769,478538,2882012993,1350926097,382909054,270172409,0,2449877,2475903,0.0098,58.9794,27.6462,7.8361,5.529,86.6256,36.6507,49.7358,0.690284,0.681381,0.376029,1.30866,,,,6662933821
ENCSR126GEQ_2,8539930366,4335414426,710030,2415760890,1137876714,413961856,367135439,0,2078998,2179946,0.0164,55.7216,26.2461,9.5484,8.4683,81.9677,41.612,48.8149,0.661827,0.654198,0.374216,1.207671,,,,4204515940
ENCSR160YSN_1,2405504678,1971548694,28078,872516497,401235954,399304034,298465876,0,721447,729557,0.0014,44.2554,20.3513,20.2533,15.1387,64.6067,52.9516,49.7205,0.637401,0.576718,0.420821,0.934276,,,,433955984
ENCSR160YSN_2,15526431646,7365383637,518130,4265086411,1806656975,757980537,535165987,0,3576320,3605303,0.007,57.9072,24.529,10.2911,7.266,82.4362,39.1059,49.7982,0.733985,0.58767,0.332746,1.355371,,,,8161048009
ENCSR171KMM_1,7557673450,6658074868,17574,3184541547,1582839474,1023236157,867441567,0,3048292,3245080,0.0003,47.8298,23.7732,15.3683,13.0284,71.603,63.08,48.4365,0.684275,0.631176,0.381333,1.053317,,,,899598582
ENCSR171KMM_2,7452828582,5642750640,59388,3103073079,1618843499,580177567,340599756,0,3159950,3266716,0.0011,54.9922,28.6889,10.2818,6.0361,83.6811,63.3574,49.1694,0.628191,0.606676,0.458096,0.892856,,,,1810077942
ENCSR171KMM_3,8790758008,6116566444,57570,3553345846,1330324669,727843558,504998424,0,2768656,2739722,0.0009,58.0938,21.7495,11.8995,8.2562,79.8433,55.5546,50.2626,0.672544,0.55628,0.340936,1.124707,,,,2674191564
ENCSR171KMM_4,12016989090,8190976386,137966,4796869131,1880291790,887801187,625884275,0,3909551,3910861,0.0017,58.5628,22.9556,10.8388,7.6411,81.5185,55.5643,49.9916,0.647003,0.561981,0.365041,1.070874,,,,3826012704
ENCSR171RTN_1,7731915418,5691716770,75750,3602605798,1315553248,423301040,350183216,0,2570711,2588459,0.0013,63.2956,23.1135,7.4371,6.1525,86.4091,63.6085,49.828,0.66205,0.550238,0.320379,1.187686,,,,2040198648
ENCSR171RTN_2,8952874320,5270757329,1868702,3134627569,1216534006,417853543,499960445,0,2408929,2536825,0.0355,59.4721,23.0808,7.9278,9.4856,82.5529,48.6007,48.707,0.658496,0.53942,0.329323,1.107815,,,,3682116991
ENCSR181WYS_1,7994174442,6972462085,25048,3495357885,1779772621,838334774,858973552,0,3226028,3465793,0.0004,50.1309,25.5257,12.0235,12.3195,75.6566,65.9872,48.2085,0.663113,0.636376,0.418078,0.991297,,,,1021712357
ENCSR181WYS_2,8204288580,6833416262,22826,3646271898,1911115449,757940578,518066774,0,3559557,3641563,0.0003,53.3594,27.9672,11.0917,7.5814,81.3266,67.7376,49.4306,0.624105,0.567701,0.45856,0.873429,,,,1370872318
ENCSR181WYS_3,8395699134,5632200195,64034,3201904291,1241877235,667903013,520456171,0,2478352,2470273,0.0011,56.85,22.0496,11.8587,9.2407,78.8996,52.9293,50.0816,0.648175,0.58417,0.382703,1.067423,,,,2763498939
ENCSR181WYS_4,6758834958,5258739264,15554,3386068425,1166766476,413670394,292219322,0,2613932,2587843,0.0003,64.3894,22.1872,7.8663,5.5568,86.5765,67.3612,50.2508,0.684026,0.530912,0.337976,1.208339,,,,1500095694
ENCSR184VVN_1,8310174758,7021393861,18988,3860685349,1919347369,801847922,439495330,0,3438104,3494502,0.0003,54.9846,27.3357,11.4201,6.2594,82.3203,69.5537,49.5932,0.661468,0.68305,0.392662,1.081786,,,,1288780897
ENCSR184VVN_2,10523588344,8626221590,55348,4679713477,2431702407,953553090,561200085,0,4423651,4546828,0.0006,54.2499,28.1897,11.0541,6.5057,82.4395,67.576,49.3134,0.629958,0.603832,0.459895,0.903212,,,,1897366754
ENCSR190RZZ_1,5461396028,3728492946,49692,2292086079,886492947,322816801,227049572,0,1687420,1692960,0.0013,61.4749,23.7762,8.6581,6.0896,85.251,58.2009,49.9181,0.653994,0.520947,0.345716,1.038581,,,,1732903082
ENCSR190RZZ_2,7068355114,5021581532,108676,2891040424,1105071513,578178671,447187613,0,2093264,2112815,0.0022,57.5723,22.0064,11.5139,8.9053,79.5788,56.5352,49.7676,0.66006,0.501523,0.345323,0.988897,,,,2046773582
ENCSR200UDS_1,7725618674,4435660627,68276,2545796277,1071119432,480203164,338477500,0,2061180,2074752,0.0015,57.3938,24.1479,10.826,7.6308,81.5418,46.8172,49.8359,0.680556,0.519478,0.319854,1.095108,,,,3289958047
ENCSR200UDS_2,7041985024,4405194116,39996,2783898195,1102369053,300995570,217894014,0,2115628,2129548,0.0009,63.1958,25.0243,6.8327,4.9463,88.2201,55.1871,49.836,0.661723,0.530012,0.328661,1.098868,,,,2636790908
ENCSR223QTD_1,7203340604,6232735816,14544,2610596695,1156651795,1426583311,1038890425,0,2107349,2142713,0.0002,41.8852,18.5577,22.8886,16.6683,60.4429,52.2986,49.584,0.649262,0.580693,0.367657,0.973946,,,,970604788
ENCSR223QTD_2,7388414418,6324449157,178770,3068985557,1359174956,889200210,1006926353,0,2435325,2805996,0.0028,48.5257,21.4908,14.0597,15.9212,70.0165,59.9338,46.464,0.66327,0.682085,0.402439,1.104721,,,,1063965261
ENCSR235ZEI_1,8020730978,6499205073,10302,3864937534,1716770429,580497218,336990055,0,3224635,3291396,0.0002,59.4679,26.4151,8.9318,5.1851,85.8829,69.591,49.4877,0.642036,0.569693,0.410867,0.902914,,,,1521525905
ENCSR235ZEI_3,9510368060,6503211464,90496,4248849043,1541349770,440175448,272751867,0,3180677,3150338,0.0014,65.3346,23.7014,6.7686,4.1941,89.036,60.883,50.2396,0.679265,0.592118,0.318054,1.284954,,,,3007156596
ENCSR235ZEI_4,8609682784,6770751454,99384,4225835835,1569041413,597917985,377860628,0,3130191,3121480,0.0015,62.4131,23.1738,8.8309,5.5808,85.5869,67.3065,50.0697,0.675121,0.564475,0.334478,1.150063,,,,1838931330
ENCSR243VNX_1,6259660032,5340586965,24846,2230493679,1004827720,1160600791,944641351,0,1887475,2001285,0.0005,41.765,18.8149,21.7317,17.688,60.5799,51.6853,48.5367,0.663877,0.60406,0.389439,1.04386,,,,919073067
ENCSR243VNX_2,6488113750,5471435766,26866,3430188735,1455925118,342710627,242586607,0,2706812,2767236,0.0005,62.6927,26.6096,6.2636,4.4337,89.3022,75.3087,49.4481,0.649247,0.640806,0.403242,1.028926,,,,1016677984
ENCSR263IOO_1,7134190752,5990093237,14746,3218984878,1383376894,787195028,600522569,0,2477678,2521773,0.0002,53.7385,23.0944,13.1416,10.0253,76.8329,64.5113,49.559,0.647425,0.559876,0.395465,0.965604,,,,1144097515
ENCSR263IOO_2,7534676154,6404374264,16766,3784921245,1622032780,567338275,430066236,0,2920144,2984458,0.0003,59.099,25.327,8.8586,6.7152,84.426,71.7609,49.4554,0.659276,0.650966,0.369602,1.110473,,,,1130301890
ENCSR267BHU_1,7714349700,5291620451,41006,3110657636,1283433500,537153348,360337636,0,2465637,2478857,0.0008,58.7846,24.2541,10.151,6.8096,83.0387,56.96,49.8663,0.665076,0.543893,0.345471,1.061251,,,,2422729249
ENCSR267BHU_2,13520107248,8522095621,77770,5371844763,2111095878,619108632,419973690,0,4107712,4104907,0.0009,63.0343,24.772,7.2647,4.9281,87.8063,55.3468,50.0171,0.664986,0.520606,0.311423,1.121462,,,,4998011627
ENCSR268DNJ_2,9267081702,4701227810,73688,2869670971,1194455154,375624948,261417356,0,1518007,1536068,0.0016,61.0409,25.4073,7.9899,5.5606,86.4482,43.8555,49.7043,0.668076,0.473372,0.289117,0.977997,,,,4565853892
ENCSR294ZCD_1,7054997056,4135596911,1206546,2170205017,1117385590,395022394,451826470,0,1933576,2108598,0.0292,52.4762,27.0187,9.5518,10.9253,79.4949,46.5995,47.8351,0.638553,0.616546,0.402784,1.087716,,,,2919400145
ENCSR294ZCD_2,5980712172,3747326825,256944,2025824324,1070495834,343978957,306782830,0,1833900,1921110,0.0069,54.0605,28.5669,9.1793,8.1867,82.6274,51.7718,48.8388,0.625361,0.614415,0.405115,1.014138,,,,2233385347
ENCSR299HUJ_1,7418526356,6408798749,8686,3910264529,1707396179,496408830,294721379,0,3119636,3184538,1.00E-04,61.014,26.6414,7.7457,4.5987,87.6554,75.7248,49.4852,0.660291,0.577949,0.376836,0.985567,,,,1009727607
ENCSR299HUJ_3,6554568922,4590617907,28280,2695670551,1213036961,391152073,290732169,0,2179290,2200455,0.0006,58.7213,26.4243,8.5207,6.3332,85.1456,59.6333,49.7584,0.652453,0.626156,0.329873,1.139719,,,,1963951015
ENCSR299HUJ_4,10598680632,7925484531,74134,4915293901,1766352535,714404621,529362217,0,3680149,3649044,0.0009,62.0188,22.287,9.014,6.6792,84.3058,63.0422,50.2122,0.686872,0.56669,0.280979,1.345132,,,,2673196101
ENCSR357LVC_3,8244316900,6031930577,71710,2870662923,1167920293,1158545949,834733264,0,2277126,2281743,0.0012,47.5911,19.3623,19.2069,13.8386,66.9534,48.9863,49.9494,0.660742,0.57633,0.368045,1.070987,,,,2212386323
ENCSR357LVC_4,7457632950,5193283931,71306,3286136364,1277521163,371102567,258456419,0,2475632,2469224,0.0014,63.2767,24.5995,7.1458,4.9767,87.8761,61.1945,50.0648,0.65569,0.590937,0.356484,1.143331,,,,2264349019
ENCSR359VJC_1,6430418510,3787317421,4921528,1292870606,711864880,517864933,1260003513,0,1318625,2047829,0.1299,34.1368,18.796,13.6737,33.269,52.9329,31.1758,39.1696,0.665046,0.677802,0.410701,1.128288,,,,2643101089
ENCSR359VJC_2,7736361842,4538929858,9378052,1113062297,716710898,731006640,1969231592,0,1350167,2542456,0.2066,24.5226,15.7903,16.1053,43.3854,40.3129,23.6516,34.6853,0.646628,0.675951,0.425133,1.089079,,,,3197431984
ENCSR369BHC_1,5340187140,4629328580,11514,2084112551,893044591,895331326,756829072,0,1630123,1735221,0.0002,45.0198,19.291,19.3404,16.3486,64.3108,55.7501,48.4385,0.658141,0.60017,0.391618,1.029672,,,,710858560
ENCSR369BHC_2,8399037790,7224736347,33936,4402272335,1823189331,544122934,455120070,0,3287627,3379563,0.0005,60.9333,25.2354,7.5314,6.2995,86.1687,74.1211,49.3105,0.649678,0.585626,0.377554,1.04525,,,,1174301443
ENCSR376CFR_1,11340997908,7369633266,3567522,3913433079,1614328855,753852974,1084626110,0,2999263,3421027,0.0484,53.1021,21.9051,10.2292,14.7175,75.0073,48.7414,46.7154,0.656368,0.5789,0.355365,1.103563,,,,3971364642
ENCSR376CFR_2,9581456708,5877742219,176548,3467538026,1341253828,600365625,468416644,0,2561881,2573620,0.003,58.9944,22.8192,10.2142,7.9693,81.8136,50.1885,49.8857,0.659436,0.58046,0.356449,1.147715,,,,3703714489
ENCSR381TNV_1,5624206412,3391567856,146450,2089585159,919844177,221904086,160093871,0,1676165,1702977,0.0043,61.6112,27.1215,6.5428,4.7203,88.7327,53.5085,49.6033,0.681841,0.642252,0.352262,1.234444,,,,2232638556
ENCSR381TNV_2,3926772738,2553479983,120392,1608684551,672568789,165118296,106992842,0,1259916,1271012,0.0047,62.9997,26.3393,6.4664,4.1901,89.339,58.0949,49.7808,0.686984,0.603093,0.348269,1.23185,,,,1373292755
ENCSR385ZTW_1,8815394736,7698752473,17978,3670690009,1928932208,1184858835,914255218,0,3622004,3759584,0.0002,47.679,25.0551,15.3903,11.8754,72.7342,63.5209,49.0681,0.647019,0.599046,0.437926,0.927829,,,,1116642263
ENCSR385ZTW_2,7447048756,6292536563,16766,3273381052,1613114952,837763001,568261687,0,3018321,3088281,0.0003,52.0201,25.6354,13.3136,9.0307,77.6554,65.6165,49.4272,0.655419,0.68995,0.412477,1.09177,,,,1154512193
ENCSR385ZTW_3,7843475372,5905631368,35350,2600976199,1077146044,1301443469,926032589,0,2137066,2123057,0.0006,44.0423,18.2393,22.0373,15.6805,62.2816,46.894,50.1644,0.662076,0.544874,0.352596,1.048097,,,,1937844004
ENCSR385ZTW_4,7547052290,5467490682,40198,2624397806,1042308758,1055538970,745207573,0,2095245,2086228,0.0007,48,19.0638,19.3057,13.6298,67.0638,48.5846,50.1078,0.668865,0.546627,0.354841,1.077965,,,,2079561608
ENCSR389OCD_1,9038345570,5169228838,79386,3117305667,1333987318,415340980,302520297,0,2345570,2336490,0.0015,60.305,25.8063,8.0349,5.8523,86.1114,49.249,50.097,0.656716,0.682158,0.359752,1.27545,,,,3869116732
ENCSR389OCD_2,8110033764,4414570805,46258,2771719988,1257934174,232553797,152319318,0,2261798,2222942,0.001,62.7857,28.4951,5.2679,3.4504,91.2808,49.6873,50.4332,0.657106,0.717902,0.378562,1.264934,,,,3695462959
ENCSR399QAP_1,11406017062,8161482508,129280,4774198198,1943270636,824971909,618918938,0,3652031,3728015,0.0016,58.4967,23.8103,10.1081,7.5834,82.307,58.8941,49.4852,0.655782,0.542581,0.354478,1.009039,,,,3244534554
ENCSR399QAP_2,9349569394,7107129561,37976,3978746178,1587899479,881664418,658784256,0,2993753,3025403,0.0005,55.9825,22.3423,12.4054,9.2693,78.3248,59.5391,49.7371,0.658455,0.531076,0.349799,1.024162,,,,2242439833
ENCSR409OFU_1,9019860146,6098157716,16580564,1601890037,980376073,974196582,2525727229,0,1844613,3401360,0.2719,26.2684,16.0766,15.9753,41.4179,42.345,28.6287,35.1625,0.658725,0.694208,0.405631,1.106156,,,,2921702430
ENCSR409OFU_2,11028581880,7501697531,33556644,1117522273,978721277,1436606987,3936375453,0,1844273,4440302,0.4473,14.8969,13.0467,19.1504,52.4731,27.9436,19.0074,29.346,0.643074,0.676338,0.402293,1.11322,,,,3526884349
ENCSR469EFL_1,9653819976,4568268738,3595398,2370549010,1140394625,428092879,625788132,0,2059378,2301985,0.0787,51.8916,24.9634,9.371,13.6986,76.855,36.3684,47.2187,0.68142,0.650397,0.373633,1.211766,,,,5085551238
ENCSR469EFL_2,8197279988,4309252683,1570954,2344139653,1118314515,389371471,455927666,0,1968044,2131655,0.0365,54.3978,25.9515,9.0357,10.5802,80.3493,42.2391,48.0046,0.654821,0.631317,0.372544,1.154139,,,,3888027305
ENCSR545HTM_1,11418539446,10051781210,11110,5437738742,2349196166,1303326928,961509057,0,4146026,4228925,1.00E-04,54.0973,23.3709,12.9661,9.5656,77.4682,68.1955,49.5051,0.663475,0.637493,0.384449,1.065585,,,,1366758236
ENCSR545HTM_2,8272172296,7060925881,35148,4288320227,1823969825,495782320,452820959,0,3222314,3361660,0.0005,60.7331,25.8319,7.0215,6.4131,86.565,73.8898,48.9418,0.671009,0.682992,0.363633,1.189395,,,,1211246415
ENCSR550FIL_1,8475979994,4821896668,1929100,2611532770,1221771179,455609065,531120985,0,2186054,2417978,0.04,54.1599,25.338,9.4488,11.0148,79.4978,45.2255,47.4813,0.663545,0.690594,0.362671,1.268939,,,,3654083326
ENCSR550FIL_2,5437372572,3338489256,147258,2014755631,938892488,236813275,147887405,0,1683440,1695433,0.0044,60.3493,28.1233,7.0934,4.4298,88.4726,54.3212,49.8225,0.661343,0.677469,0.380373,1.206313,,,,2098883316
ENCSR552HTC_1,21440427486,7940558446,703660,4734188415,2166209269,578687116,460917272,0,2560752,2604918,0.0089,59.6203,27.2803,7.2877,5.8046,86.9007,32.184,49.5725,0.683614,0.536085,0.290291,1.081032,,,,13499869040
ENCSR552HTC_2,22484108682,9957216533,990560,5835180679,2566298734,739290489,815653906,0,3007803,3157880,0.0099,58.6025,25.7733,7.4247,8.1916,84.3758,37.3663,48.783,0.68392,0.529401,0.278712,1.058172,,,,12526892149
ENCSR557BMX_1,6845366708,4203047774,35754,2483986856,990454935,424050801,304521825,0,1876334,1868261,0.0009,59.0997,23.5652,10.0891,7.2453,82.6648,50.7561,50.1078,0.666745,0.573938,0.315375,1.15339,,,,2642318934
ENCSR557BMX_2,8190845682,4174697679,55752,2645331481,1090322691,260385333,178606120,0,1991765,1982620,0.0013,63.3658,26.1174,6.2372,4.2783,89.4832,45.6077,50.115,0.655295,0.599231,0.349825,1.215705,,,,4016148003
ENCSR591QYK_1,7160741834,4127147532,115544,2386492984,1148594092,351535620,240415633,0,1993551,2011478,0.0028,57.8243,27.8302,8.5176,5.8252,85.6545,49.3676,49.7762,0.657562,0.644975,0.384165,1.135859,,,,3033594302
ENCSR591QYK_2,7548752120,4297975749,994042,2259681191,1076006045,451177740,510157189,0,1883628,2054050,0.0231,52.5755,25.0352,10.4974,11.8697,77.6107,44.1886,47.836,0.657434,0.61502,0.371612,1.147249,,,,3250776371
ENCSR608ORR_1,10108959306,8578532665,33128,5208353501,2192587466,624739494,552820942,0,3814006,3899943,0.0004,60.7138,25.559,7.2826,6.4442,86.2728,73.2117,49.443,0.661819,0.60989,0.37249,1.061183,,,,1530426641
ENCSR608ORR_2,6796831562,5738247790,109686,3167634277,1334576495,553877514,682057127,0,2366711,2631537,0.0019,55.2021,23.2576,9.6524,11.8862,78.4597,66.2398,47.3508,0.666065,0.651302,0.354565,1.108818,,,,1058583772
ENCSR619EYC_1,6518349312,2957685041,935866,1621173393,776990702,302220707,256401335,0,1420237,1488934,0.0316,54.8122,26.2702,10.2182,8.669,81.0825,36.791,48.8193,0.663875,0.671463,0.394388,1.170161,,,,3560664271
ENCSR619EYC_2,7903763282,3835479079,249874,2215124202,1072712984,335541845,211861602,0,1883914,1917693,0.0065,57.7535,27.9682,8.7484,5.5237,85.7217,41.5984,49.5557,0.665012,0.678178,0.391771,1.201941,,,,4068284203
ENCSR620DOP_1,8225640788,5534141597,983942,3497183312,1306278139,367788338,361947697,0,2538287,2655277,0.0178,63.1929,23.604,6.6458,6.5403,86.7969,58.3962,48.8737,0.67084,0.540192,0.33175,1.164203,,,,2691499191
ENCSR620DOP_2,8840653422,5790856954,91102,3713509047,1407958845,400355510,268946818,0,2647002,2646228,0.0016,64.1271,24.3135,6.9136,4.6443,88.4406,57.9309,50.0073,0.662486,0.567819,0.346815,1.136701,,,,3049796468
ENCSR650QAK_1,4839306930,3472515846,8282,2003751695,992082402,306161327,170513104,0,1811940,1841036,0.0002,57.7032,28.5696,8.8167,4.9104,86.2727,61.9063,49.6017,0.64918,0.619358,0.35578,1.047287,,,,1366791084
ENCSR650QAK_3,12925985252,8077966872,293102,4553539005,2084134052,811090335,628921977,0,3730614,3786212,0.0036,56.3699,25.8002,10.0408,7.7856,82.1701,51.3514,49.6302,0.683373,0.639727,0.352595,1.163728,,,,4848018380
ENCSR650QAK_4,11074193278,7391348963,880316,4205626710,1879855363,634708155,670307620,0,3307604,3473129,0.0119,56.8993,25.4332,8.5872,9.0688,82.3325,54.9519,48.7794,0.686766,0.656554,0.334572,1.305139,,,,3682844315
ENCSR688UTN_1,6534786658,5222389820,39996,2804583133,1296794549,644145233,476830428,0,2350232,2424495,0.0008,53.7031,24.8314,12.3343,9.1305,78.5345,62.7622,49.2223,0.632648,0.561886,0.413022,0.92061,,,,1312396838
ENCSR688UTN_3,7799185660,5258464726,64438,3402734218,1223180906,378654708,253834315,0,2619733,2604580,0.0012,64.7097,23.2612,7.2009,4.8272,87.9708,59.3128,50.145,0.671027,0.594483,0.287918,1.297053,,,,2540720934
ENCSR688UTN_4,8019759762,5711216868,61004,3714907700,1373339896,371597466,251314438,0,2727353,2722591,0.0011,65.0458,24.0464,6.5064,4.4004,89.0922,63.4464,50.0437,0.664622,0.580028,0.33957,1.181401,,,,2308542894
ENCSR701TVL_1,8828220726,6411628649,32522,3757997000,1588539750,644049849,421011852,0,2996452,3012114,0.0005,58.6122,24.7759,10.045,6.5664,83.3881,60.5619,49.8697,0.652666,0.552585,0.37523,0.953787,,,,2416592077
ENCSR701TVL_2,12643255144,9962336936,52722,5891917159,2442415545,987658130,640296710,0,4504725,4538309,0.0005,59.1419,24.5165,9.9139,6.4272,83.6584,65.9192,49.8143,0.663524,0.565539,0.357313,1.034019,,,,2680918208
ENCSR713AEC_1,7448189248,6293604990,10302,2946224306,1302769200,1160663712,883938200,0,2401427,2453043,0.0002,46.813,20.6999,18.442,14.045,67.5129,57.0473,49.4684,0.65607,0.594422,0.384906,1.001258,,,,1154584258
ENCSR713AEC_2,7815598160,6760557662,14746,2806732143,1322432079,1505267194,1126112031,0,2409780,2461289,0.0002,41.5163,19.561,22.2654,16.6571,61.0773,52.8324,49.4713,0.643117,0.603107,0.409919,0.973828,,,,1055040498
ENCSR715EDZ_2,6389192128,5127592429,16766,2831408243,1446627165,529964446,319576687,0,2518074,2560475,0.0003,55.2191,28.2126,10.3355,6.2325,83.4317,66.9574,49.5825,0.657171,0.579137,0.391939,0.957078,,,,1261599699
ENCSR715EDZ_3,11689390136,5773697106,99182,3233736638,1604838017,554560220,380467413,0,2867965,2866339,0.0017,56.0081,27.7957,9.6049,6.5897,83.8037,41.3929,50.0142,0.670257,0.668049,0.384497,1.197188,,,,5915693030
ENCSR715EDZ_4,13742716500,8880073295,149076,4683227487,2410324095,1054274470,732105956,0,4119211,4175735,0.0017,52.7386,27.1431,11.8724,8.2444,79.8817,51.6168,49.6593,0.657011,0.644877,0.38776,1.086845,,,,4862643205
ENCSR731FEO_3,6026513450,3964781411,75144,2283062166,1073120136,348816023,259711593,0,1906891,1939172,0.0019,57.5836,27.0663,8.7979,6.5505,84.6499,55.6903,49.5803,0.677243,0.664573,0.364435,1.166078,,,,2061732039
ENCSR731FEO_4,8110295556,5470504281,875468,2945793000,1363095473,536430638,624341032,0,2425876,2663085,0.016,53.8487,24.9172,9.8059,11.4129,78.7658,53.1286,47.6694,0.656358,0.60631,0.35842,1.118094,,,,2639791275
ENCSR731XIE_1,10583840096,3941641319,316938,2246410755,1122584538,312375104,259970393,0,1982603,2010719,0.008,56.9918,28.4801,7.925,6.5955,85.4719,31.8315,49.648,0.68794,0.638754,0.410796,1.171607,,,,6642198777
ENCSR731XIE_2,8354153996,4493759767,1338048,2330735605,1216271422,438112346,507365134,0,2036495,2234628,0.0298,51.866,27.0658,9.7493,11.2904,78.9318,42.458,47.6806,0.640229,0.630803,0.417109,1.061326,,,,3860394229
ENCSR733ROU_1,8889248562,3717304853,349258,2298519958,973050444,241029834,204368762,0,1792400,1795580,0.0094,61.833,26.1762,6.484,5.4978,88.0092,36.8037,49.9557,0.70825,0.605425,0.354595,1.304284,,,,5171943709
ENCSR733ROU_2,11568597166,4757692618,312898,2863447961,1290346120,341458760,262139531,0,2325952,2326280,0.0066,60.1856,27.1213,7.177,5.5098,87.3069,35.9058,49.9965,0.707058,0.624948,0.384808,1.243161,,,,6810904548
ENCSR733TFF_1,6021785438,4177087344,40602,2544211378,1020042076,368885467,243910050,0,1918607,1918677,0.001,60.9087,24.4199,8.8312,5.8392,85.3287,59.1893,49.9991,0.655765,0.578964,0.316033,1.17004,,,,1844698094
ENCSR733TFF_2,5974789128,2735096006,45450,1545502818,675605514,297293503,216652272,0,1267423,1277002,0.0017,56.5063,24.7013,10.8696,7.9212,81.2077,37.1747,49.8118,0.654714,0.561263,0.363347,1.027748,,,,3239693122
ENCSR734VBC_1,11629229890,5830126494,1561864,3547088109,1518979763,396367785,366177904,0,2838275,2899948,0.0268,60.8407,26.054,6.7986,6.2808,86.8946,43.5632,49.4626,0.716914,0.662259,0.32734,1.45878,,,,5799103396
ENCSR734VBC_2,8900368258,3520974548,385416,2095530180,964697760,249837689,210539471,0,1852801,1885696,0.0109,59.5156,27.3986,7.0957,5.9796,86.9142,34.3832,49.5601,0.726934,0.661652,0.352047,1.379051,,,,5379393710
ENCSR761AQZ_1,12304795256,7119593124,15090612,1783962031,1128922574,1150707689,3041637931,0,2177190,3872991,0.212,25.0571,15.8566,16.1625,42.7221,40.9136,23.6728,35.9855,0.656706,0.649767,0.391065,1.131953,,,,5185202132
ENCSR761AQZ_2,11558069734,7075010531,18396948,1527424886,1063289528,1206141691,3260637466,0,2108345,4080030,0.26,21.589,15.0288,17.0479,46.0867,36.6178,22.4148,34.0694,0.641536,0.627985,0.403401,1.068679,,,,4483059203
ENCSR773VKE_1,8092844978,5159971529,75346,3141932592,1232304520,463774559,321888952,0,2420752,2451382,0.0015,60.8905,23.882,8.9879,6.2382,84.7725,54.0507,49.6857,0.670233,0.524315,0.314576,1.109578,,,,2932873449
ENCSR773VKE_2,16787043350,8934874828,308454,5479166488,2189819600,741546715,524053225,0,4332392,4346091,0.0035,61.3234,24.5087,8.2995,5.8653,85.832,45.684,49.9211,0.679021,0.548035,0.321814,1.187871,,,,7852168522
ENCSR781XJD_1,8722092350,7403363826,46460,3472690696,1640897705,1296245636,993486950,0,2980976,3029215,0.0006,46.9069,22.1642,17.5089,13.4194,69.0711,58.628,49.5987,0.645343,0.551104,0.364537,0.947236,,,,1318728524
ENCSR781XJD_2,8359694452,7066750827,7676,3808879876,1907260437,700369306,650234238,0,3149708,3221175,1.00E-04,53.8986,26.9892,9.9108,9.2013,80.8878,68.3774,49.4391,0.632192,0.552033,0.451757,0.884643,,,,1292943625
ENCSR800PWS_1,11673156608,4685344842,900920,2511817254,1237917976,457429807,477321169,0,2238747,2320603,0.0192,53.6101,26.4211,9.763,10.1875,80.0311,32.1227,49.1023,0.690712,0.633811,0.394671,1.232294,,,,6987811766
ENCSR800PWS_2,5813244678,3403491116,105444,2062541036,916860900,238702238,185287340,0,1601696,1624816,0.0031,60.6007,26.9388,7.0135,5.444,87.5396,51.252,49.6417,0.664256,0.640482,0.353891,1.23437,,,,2409753562
ENCSR808HQN_1,10024863272,8373443031,117766,4660177079,2084992167,909555622,718606602,0,3800695,3956450,0.0014,55.6543,24.9001,10.8624,8.582,80.5543,67.2844,48.9961,0.648012,0.529964,0.380939,0.890196,,,,1651420241
ENCSR808HQN_3,8727139522,4419507473,131300,2730458377,1103195472,332806854,252924506,0,2242200,2246680,0.003,61.782,24.962,7.5304,5.7229,86.7439,43.928,49.9501,0.707113,0.574707,0.346391,1.194832,,,,4307632049
ENCSR808HQN_4,8839189932,5431960391,87668,3348337639,1362604342,418980106,301956546,0,2769571,2769295,0.0016,61.6414,25.0849,7.7132,5.5589,86.7264,53.2961,50.0025,0.654714,0.60566,0.356642,1.171454,,,,3407229541
ENCSR810RIC_1,5402085596,4509454013,34542,2619559968,1075950748,458982643,354928174,0,1929772,1966692,0.0008,58.0904,23.8599,10.1782,7.8708,81.9503,68.409,49.5262,0.664886,0.622619,0.377095,1.098983,,,,892631583
ENCSR810RIC_2,8363449026,7361700280,96758,3598262333,1696584373,847881946,1218881237,0,3018515,3697363,0.0013,48.8781,23.0461,11.5175,16.5571,71.9242,63.3094,44.9459,0.659509,0.67005,0.427642,1.042077,,,,1001748746
ENCSR819PCU_1,8608058502,7102106472,10706,4372782046,1847870854,553734346,327709363,0,3369753,3419912,0.0002,61.5702,26.0186,7.7968,4.6143,87.5888,72.2655,49.6306,0.664655,0.598803,0.381736,1.01985,,,,1505952030
ENCSR819PCU_2,5278087492,2939932918,96354,1795443298,757868570,222569890,163960389,0,1478408,1479534,0.0033,61.0709,25.7784,7.5706,5.577,86.8493,48.3757,49.981,0.665656,0.595626,0.350215,1.199402,,,,2338154574
ENCSR819PCU_3,5999180830,3444657259,96758,2108081579,834043060,288159264,214282067,0,1685781,1676739,0.0028,61.1986,24.2127,8.3654,6.2207,85.4112,49.0421,50.1345,0.677166,0.561616,0.342344,1.155778,,,,2554523571
ENCSR850LOZ_1,8154417204,6918389732,16968,4156561011,1746484359,541807232,473521281,0,3192903,3253820,0.0002,60.0799,25.2441,7.8314,6.8444,85.324,72.3908,49.5275,0.646817,0.557098,0.356315,1.072571,,,,1236027472
ENCSR850LOZ_2,10880734444,9292001889,10706,4912764100,2591157174,960197037,827873702,0,4722581,4807678,1.00E-04,52.8709,27.8859,10.3336,8.9095,80.7568,68.9652,49.5535,0.622783,0.532611,0.420696,0.856851,,,,1588732555
ENCSR862UHT_1,10610472382,7441135961,82012,4660885869,1812194075,573413238,394565292,0,3518769,3566693,0.0011,62.6368,24.3537,7.706,5.3025,86.9905,61.0065,49.6618,0.670416,0.519454,0.312255,1.111942,,,,3169336421
ENCSR862UHT_2,5831333576,4029026895,34340,2453716425,927783623,381630829,265863793,0,1810260,1818376,0.0009,60.901,23.0275,9.472,6.5987,83.9285,57.9885,49.8882,0.672227,0.555142,0.29944,1.16767,,,,1802306681
ENCSR898UNK_1,9363293274,5669754558,404000,3378362076,1292515385,547459861,451030824,0,2506187,2526994,0.0071,59.5857,22.7967,9.6558,7.955,82.3824,49.885,49.7933,0.653304,0.524857,0.342815,1.041779,,,,3693538716
ENCSR898UNK_2,10502415310,5789549984,643168,3506153101,1367471794,471135030,444177251,0,2634813,2698513,0.0111,60.56,23.6197,8.1377,7.6721,84.1797,46.4048,49.4028,0.656028,0.526769,0.3436,1.096185,,,,4712865326
ENCSR900AQL_1,8089896182,6409536712,20806,3756267181,1688228489,590709065,374312352,0,3089128,3127039,0.0003,58.6043,26.3393,9.2161,5.8399,84.9437,67.2999,49.6951,0.663123,0.638076,0.380218,1.172106,,,,1680359470
ENCSR900AQL_2,8150614958,6772302141,17574,4205256569,1708427309,540490573,318110925,0,3340853,3379507,0.0003,62.0949,25.2267,7.9809,4.6972,87.3216,72.5551,49.7124,0.68095,0.628241,0.35447,1.124795,,,,1378312817
ENCSR905SEH_1,7401233338,3540944169,1269570,2062221326,964435933,253000524,260073989,0,1858997,1972741,0.0359,58.2393,27.2367,7.145,7.3448,85.476,40.894,48.5158,0.688313,0.670311,0.368655,1.205901,,,,3860289169
ENCSR905SEH_2,6590465130,3773891636,655086,2190400071,1012224343,294573746,276065003,0,1796762,1916986,0.0174,58.0409,26.8218,7.8056,7.3151,84.8626,48.5948,48.3814,0.677378,0.64272,0.363977,1.152813,,,,2816573494
ENCSR911BML_1,9829304042,8372757087,54742,5265572584,2129398739,525801226,451933736,0,3762400,3818068,0.0007,62.8894,25.4325,6.2799,5.3977,88.3218,75.2339,49.6328,0.674295,0.656689,0.363166,1.177287,,,,1456546955
ENCSR911BML_2,8260417916,6621429314,707808,3027644410,1418611936,904071011,1270445820,0,2556778,3129351,0.0107,45.7249,21.4246,13.6537,19.1869,67.1495,53.826,44.9652,0.653209,0.689185,0.419794,1.113515,,,,1638988602
ENCSR942XXL_1,7140314786,6036727181,22220,2776163342,1185499797,1175096208,899946869,0,2180716,2228340,0.0004,45.9879,19.6381,19.4658,14.9079,65.626,55.483,49.4599,0.664675,0.607598,0.359832,1.10152,,,,1103587605
ENCSR942XXL_2,8579577310,7313565749,99384,4082295704,1989403431,605256442,636517451,0,3520498,3758277,0.0014,55.8181,27.2016,8.2758,8.7032,83.0197,70.7692,48.3666,0.642375,0.628979,0.418641,0.937465,,,,1266011561
FAIL_EXAMPLE,17668396476,1540249,0,132792,318740,880882,207835,0,1885,631,0,8.6215,20.6941,57.1909,13.4936,29.3155,0.0026,74.9205,1.075264,0.711797,0.311012,2.153846,,,,17666856227
